Pais,Corredor,Lugar,Genero,Edad,Tiempo
GBR,3475,3592,Male,52,217.4833333
NY,13594,13853,Female,40,272.55
FRA,12012,12256,Male,31,265.2833333
MI,10236,10457,Female,33,256.15
NY,9476,9686,Male,33,252.25
NJ,1720,1784,Male,40,201.9666667
CA,15736,16020,Female,30,283.5666667
GBR,10580,10805,Male,27,255.8833333
NED,11957,12201,Male,42,264.25
B.C,18933,19266,Male,48,306.6833333
GBR,14956,15229,Female,63,281.2666667
ITA,14987,15260,Male,49,280.25
NY,10447,10670,Male,33,258.3333333
NY,10435,10658,Male,43,257.1333333
GER,191,200,Male,40,163.9333333
NY,9962,10178,Male,33,253.6166667
FRA,2379,2467,Male,40,206.2666667
NY,10505,10729,Male,36,257.9333333
SWE,11853,12093,Male,49,262.1333333
NY,12181,12428,Female,34,264.2166667
DEN,2633,2730,Male,26,209.7333333
NED,11935,12179,Male,50,265.25
NJ,20116,20460,Male,33,315.2333333
FL,23043,23413,Male,71,414.7
GER,19584,19921,Female,39,309.2666667
GBR,11640,11878,Female,28,261.2666667
GBR,17363,17683,Male,52,295.3166667
NED,17611,17933,Male,28,294.8333333
CA,9935,10151,Male,52,254.25
BRA,8713,8915,Male,41,248.95
VA,204,213,Male,35,164.5
NY,21293,21647,Female,39,334.0166667
FRA,2624,2721,Male,48,210.9
NED,14357,14623,Male,33,271.0666667
MA,4583,4715,Male,35,226.4666667
PR,10059,10277,Male,46,256.7166667
NY,12379,12630,Male,30,264.8333333
KY,3633,3751,Male,42,219.1333333
ITA,6695,6867,Male,31,237.7
IL,711,737,Male,40,184.3
NY,10746,10972,Male,41,253.75
NY,12716,12968,Male,33,267.4666667
NY,17454,17775,Male,37,289.6166667
RSA,10114,10333,Female,25,256.9666667
GBR,16764,17068,Male,39,288.0333333
NY,14424,14690,Male,34,277.4
NY,19915,20253,Female,42,316.3333333
ITA,13047,13301,Male,44,271.3666667
MA,8626,8827,Male,45,248.0833333
NY,805,836,Male,30,186.45
CA,6955,7132,Male,33,237.2
CAN,20135,20479,Female,39,318.6333333
GA,23128,23499,Male,67,431.6166667
GBR,4833,4969,Male,35,227.0166667
NY,22111,22469,Female,42,353.1
MA,15975,16264,Female,30,284.0166667
NY,22968,23338,Female,31,407.4333333
FRA,9482,9692,Male,44,252.6333333
MEX,15726,16010,Male,44,283.75
GBR,3388,3502,Female,38,218.3833333
MEX,2504,2596,Male,27,207.0166667
NY,23231,23603,Female,58,467.1833333
NY,5755,5909,Male,36,231.4166667
NED,12426,12677,Male,36,265.1333333
CT,488,507,Male,33,177.3666667
NY,16982,17290,Male,40,292.1333333
NY,5918,6077,Female,28,234.2
NY,12031,12275,Female,32,264.5
FRA,3855,3979,Male,36,221.3833333
NY,8902,9104,Female,23,247.3166667
MA,6523,6693,Male,33,236.2333333
NY,6080,6240,Male,42,235.7333333
GBR,15601,15883,Male,41,284.25
MEX,5617,5768,Female,40,232.3833333
GBR,11867,12107,Male,40,265.1166667
ITA,5179,5322,Male,33,230.4166667
KOR,20590,20939,Female,25,327.1666667
GBR,20343,20690,Male,27,321.55
MEX,12955,13208,Male,51,268.9666667
SWE,10601,10826,Female,56,258.5333333
GER,8855,9057,Male,48,249.2666667
NY,20719,21068,Male,33,326.9333333
GER,12715,12967,Male,51,268.1833333
RSA,10962,11191,Male,51,256.9833333
NY,11270,11503,Male,32,256.5
NY,11860,12100,Female,32,263.85
FRA,15203,15480,Male,69,276.5
ITA,18838,19171,Male,44,306.4166667
GBR,6981,7158,Female,38,239.55
GBR,11141,11372,Female,31,259.2
NED,14695,14966,Male,53,277.6833333
MO,4450,4582,Male,44,219.7666667
NY,4675,4808,Male,44,227.2
NM,13346,13602,Male,51,272.2166667
NY,400,417,Male,33,175.3666667
GBR,10217,10437,Female,41,254.5333333
NY,4993,5131,Male,33,226.7666667
NY,3476,3593,Male,32,219.05
NZL,1927,1996,Male,30,204.6333333
GBR,18859,19192,Male,40,305.2833333
NY,11424,11659,Male,60,262.7666667
LAN,6944,7121,Male,42,238.95
JPN,20992,21344,Female,65,328.9333333
GER,358,371,Male,26,173.6
GER,16106,16397,Female,38,287.6333333
ITA,22743,23112,Male,81,389
NJ,4784,4919,Male,31,226.8
NY,5647,5798,Female,33,229.3166667
FRA,7941,8133,Male,61,244.3
NY,15924,16212,Female,40,284.8166667
IL,6091,6251,Male,32,234.5833333
ESP,510,532,Male,66,178.5833333
NY,11198,11430,Male,59,262.6833333
FRA,11001,11230,Male,40,259.2333333
MI,8706,8908,Male,43,247.95
MEX,23003,23373,Male,18,408.3333333
ITA,535,558,Male,60,179.5166667
GBR,22810,23180,Female,36,394.0833333
NJ,9022,9224,Male,44,251.3666667
MI,1389,1441,Male,34,197.2
CAN,5362,5508,Male,41,230.35
PA,13266,13522,Male,44,268.4166667
NY,4904,5041,Male,25,228.2833333
FRA,8486,8685,Female,21,248.0333333
SUI,495,517,Male,32,177.7166667
NY,12666,12918,Male,38,266.8333333
NY,17051,17360,Male,33,291.3833333
OR,2519,2613,Female,22,209.0666667
TX,22508,22873,Female,33,369.35
FL,20736,21085,Male,61,326.7
NY,11393,11627,Male,33,258.0333333
LA,22565,22932,Female,41,371.9833333
NY,20645,20994,Male,45,325.95
CAN,9649,9862,Female,34,252.3666667
GBR,16182,16475,Male,36,286.8166667
ITA,493,515,Male,29,177.6333333
NY,20643,20992,Male,43,326.05
FL,14963,15236,Male,21,276.65
DEN,8556,8756,Male,52,246.9666667
NY,4751,4885,Female,41,225.0833333
FRA,13853,14115,Male,59,273.9833333
SUI,13539,13798,Male,56,271.9666667
NY,14262,14528,Male,31,270.6666667
NY,1688,1752,Male,43,201.95
GER,13459,13718,Female,27,270.05
NJ,20009,20350,Female,28,320.5333333
FRA,6444,6613,Male,54,236.4333333
NJ,10527,10752,Male,38,258
MA,8526,8725,Male,31,247.4166667
VEN,11896,12137,Male,44,264.9166667
FRA,854,885,Male,40,187.4166667
FRA,956,991,Male,35,189.4666667
NY,23145,23516,Male,76,430.8166667
NY,23094,23464,Male,51,426.8833333
NY,17753,18076,Male,51,297.2
NY,23230,23602,Male,73,460.8
GA,17141,17454,Female,53,289.2666667
NED,13212,13468,Female,29,271.0666667
MEX,4447,4579,Male,42,223.05
NY,10115,10334,Female,44,256.4833333
CA,21284,21638,Male,43,332.2333333
FL,16809,17113,Female,33,290.3
FRA,8510,8709,Male,47,247.9333333
NJ,1525,1583,Male,53,199.5833333
GBR,22073,22431,Female,32,353.2166667
TX,22509,22874,Female,51,369.35
FRA,19034,19366,Female,34,307.5333333
NY,6555,6725,Female,36,235.0833333
GBR,18172,18501,Male,40,299.1333333
ITA,5076,5215,Male,48,229.5166667
PER,13184,13440,Male,31,271.3666667
NY,14170,14436,Male,30,274.4333333
IL,9746,9959,Male,30,251.85
GA,11733,11973,Male,31,261.8333333
NY,6656,6828,Female,25,238.3333333
IRL,23143,23514,Male,38,433.8833333
GBR,3849,3972,Female,44,220.25
GER,6407,6576,Male,53,231.8
NY,6593,6763,Male,38,237.5333333
NJ,8282,8480,Female,42,244.95
JPN,20669,21018,Male,70,322.9833333
MEX,8622,8823,Female,20,244.8833333
NJ,5933,6092,Male,51,234.0166667
MN,13819,14081,Male,29,272.9833333
MN,11619,11857,Male,31,259.6166667
FRA,9254,9457,Male,42,251.7833333
IL,14824,15096,Female,33,280.0666667
NY,22506,22871,Female,32,370.6
DC,14304,14570,Female,26,277.6
FRA,14356,14622,Male,51,277.6833333
NED,9697,9910,Male,53,253.2833333
NY,13837,14099,Female,28,274.8833333
NJ,20516,20863,Female,24,324.15
CA,21476,21831,Female,42,341.7666667
NY,22009,22365,Female,34,350.25
TN,17221,17535,Female,55,295.5
NC,8023,8216,Female,40,245.5166667
GBR,17013,17322,Male,29,293.6666667
GA,18786,19119,Male,33,302.55
MA,14521,14787,Female,30,275.1
NY,15389,15669,Male,41,282.6
NY,21214,21568,Male,22,330.5666667
DC,8057,8250,Male,33,242.15
FIN,253,265,Male,29,168.1833333
NJ,8439,8638,Male,42,244.7166667
MA,8107,8300,Female,32,246.2666667
CA,14984,15257,Female,20,278.8
FRA,347,359,Male,38,173.15
JPN,14856,15129,Female,30,279.8166667
NED,2971,3077,Female,34,214.6333333
GBR,14637,14906,Male,35,278.2166667
NJ,7947,8139,Female,30,244.7666667
TX,12609,12861,Female,44,268.0666667
FRA,13101,13355,Male,51,269.95
NY,1259,1306,Male,44,195.35
CA,13296,13552,Female,43,272.4
CAN,14312,14578,Male,49,276.7833333
MA,1544,1603,Male,42,198.2166667
NY,13172,13427,Male,32,272.0166667
PA,18088,18417,Female,35,298.35
NY,11741,11981,Female,38,262.6833333
NED,20901,21253,Male,39,330.6166667
NOR,12110,12354,Female,48,265.4
CT,9335,9541,Male,36,253.3
FRA,4648,4781,Male,56,224.65
CT,17361,17681,Female,31,295.7166667
NJ,16803,17107,Female,30,291.0666667
FL,3460,3577,Male,33,218.2833333
FL,17478,17799,Male,52,289.7
GBR,6932,7109,Male,23,238.2333333
NED,10380,10603,Male,39,251.0833333
NY,22333,22694,Male,49,366.5833333
CA,7087,7267,Male,32,238.25
NY,2176,2255,Female,32,207.15
ITA,19716,20054,Male,29,313.3
ITA,19305,19641,Male,33,310.7166667
GBR,6398,6567,Male,54,235.5333333
FRA,12038,12282,Male,36,265.5
VEN,4300,4429,Male,38,224.7166667
NY,837,868,Male,40,186.9166667
OH,7035,7215,Male,33,239.0666667
CA,18565,18895,Female,32,300.0166667
DEN,13022,13276,Male,40,270.0333333
JPN,623,646,Male,24,181.9
NJ,19271,19607,Male,41,305.95
IRL,23180,23551,Female,48,439.8333333
NJ,2003,2075,Male,33,205.2666667
ESP,17850,18175,Male,67,296.6333333
CA,10742,10968,Female,22,258.7
,18260,18589,Male,5,302.6833333
NY,15161,15436,Female,40,281.1333333
ITA,5120,5260,Male,56,230.05
NY,8987,9189,Female,30,248.7666667
NY,5134,5276,Male,26,227.8
NY,10474,10698,Male,53,258.15
NED,14177,14443,Female,38,272.15
FRA,7855,8043,Male,41,243.6
OR,16822,17127,Male,54,290.6166667
NY,18998,19330,Male,43,306.2833333
NY,17059,17368,Female,24,288.55
ITA,991,1028,Male,34,189.8166667
FL,10860,11088,Female,40,257.7833333
NY,10593,10818,Male,27,259.2833333
NY,23221,23593,Male,51,454.65
NY,2806,2906,Male,23,212.65
OH,4576,4708,Female,43,223.4333333
MO,15630,15912,Male,41,285.6166667
MA,13884,14146,Male,40,270.0666667
FRA,8782,8984,Male,47,247.1333333
IRL,10116,10335,Male,21,256.2
GBR,7241,7424,Female,30,239.4166667
FL,4528,4660,Male,33,226.2333333
GBR,22746,23115,Female,20,387.4
NY,16932,17239,Male,55,293.0166667
NY,6007,6166,Male,32,233.4833333
NY,9897,10112,Female,31,250.4333333
MA,20111,20455,Female,31,316.7
NJ,16376,16670,Male,31,288.8166667
NJ,13256,13512,Male,36,272.4666667
JPN,10377,10600,Female,36,258.3333333
ARG,20137,20481,Male,72,321.8666667
LA,22695,23063,Male,41,382.9333333
NY,18666,18997,Male,58,305.7333333
GBR,13718,13979,Male,32,272.5666667
NY,13120,13374,Female,35,271.4
ITA,20511,20858,Male,42,321.35
NY,1943,2012,Female,30,204.9333333
NY,13451,13710,Male,33,272.8166667
GER,3563,3681,Male,44,217.4666667
NY,17033,17342,Female,32,287.8666667
NED,17444,17765,Male,38,293.05
PA,2691,2789,Male,32,210.65
CHI,3265,3378,Male,48,217.35
AUS,6231,6395,Male,38,230.75
NJ,6766,6940,Male,31,237.8833333
NY,3910,4034,Male,32,221.15
NJ,22578,22945,Female,33,379.85
NJ,22829,23199,Male,37,398.2666667
NY,15360,15639,Male,50,283.7833333
PR,1014,1054,Male,52,191.05
BEL,16775,17079,Female,33,290.3333333
MA,5550,5701,Male,32,230.1
GBR,5942,6101,Male,22,233.3833333
NY,6233,6397,Male,43,235.4833333
GA,19089,19422,Male,34,304.9666667
MEX,13834,14096,Male,46,273.5166667
NY,19636,19973,Male,34,315.75
MEX,5817,5974,Male,49,234.3166667
CAN,4517,4649,Male,31,225.2833333
DEN,9747,9960,Male,58,254.2166667
GBR,23149,23520,Female,32,434.1833333
VA,6742,6915,Male,42,238.85
ITA,5731,5883,Male,43,233.75
IL,10932,11160,Male,43,258.9166667
CA,11627,11865,Male,41,262.3666667
NJ,7895,8087,Male,30,244.05
GER,18618,18949,Male,66,302.5166667
FRA,21125,21478,Female,53,330.0666667
TX,22241,22599,Male,30,359.45
NJ,19826,20164,Female,31,316.0333333
CA,22979,23349,Female,31,404.55
NY,2452,2543,Male,33,208.7833333
NY,3565,3683,Female,30,219.5
NY,5192,5335,Male,33,229.35
NY,6552,6722,Male,24,230.5333333
MI,19912,20250,Male,70,318.05
NY,5705,5857,Female,27,233.45
FL,23090,23460,Male,62,423.0166667
GBR,20491,20838,Female,21,321.2333333
VEN,9544,9757,Male,46,254.0666667
MA,7568,7753,Female,33,240.0333333
NY,20973,21325,Male,46,334.2166667
FRA,8784,8986,Male,50,247.2833333
CT,3029,3137,Male,40,214.3666667
GBR,14400,14666,Male,39,275.9166667
NY,19376,19712,Female,23,305.6333333
ITA,17911,18237,Male,52,298.1833333
FRA,1759,1825,Male,36,202.5333333
NY,13335,13591,Female,35,268.2333333
WA,2104,2181,Male,29,205.1833333
IL,19588,19925,Male,29,312.5
FRA,3521,3638,Male,53,218.9666667
PA,3443,3559,Male,44,218.6666667
FRA,20774,21124,Male,46,325.6
NY,17786,18111,Male,54,295.2
NY,15923,16211,Male,41,284.4
VEN,9204,9407,Male,47,251.9666667
NY,10297,10520,Female,40,258.4
GER,8476,8675,Male,42,247.1666667
GBR,21197,21551,Male,37,332.8166667
IL,4329,4458,Female,31,224.8666667
FRA,8416,8615,Male,50,242.2666667
CHI,1702,1766,Male,35,201.4666667
WA,6966,7143,Male,50,239.0833333
VA,18374,18703,Male,40,298.3333333
DC,15515,15795,Male,32,283.7666667
ITA,11573,11810,Male,62,263.2
FIN,19246,19581,Male,46,305.9
ITA,8114,8307,Male,34,244.5666667
NY,15339,15618,Female,30,282.25
NY,969,1004,Male,26,189.8833333
CAN,5161,5304,Male,31,230.1333333
NY,19162,19496,Male,55,310.2
ITA,21070,21422,Male,58,332.6833333
ITA,5892,6051,Female,41,234.3
NED,16603,16905,Male,47,285.2833333
NY,23282,23654,Male,69,508.0833333
GA,17737,18060,Male,33,296.45
MD,4793,4928,Male,54,226.4333333
NC,9378,9586,Male,53,246.85
AZ,22207,22565,Male,50,359.4666667
GER,4318,4447,Male,46,224.4166667
VA,7605,7790,Male,31,241.5666667
SUI,13406,13664,Male,35,266.45
NY,17597,17918,Male,43,291.6166667
TX,6037,6196,Male,32,234.0166667
CA,861,892,Female,30,187.7333333
FRA,21157,21510,Female,56,333.2833333
GBR,20271,20617,Female,21,319.0333333
NY,19547,19884,Male,41,313.3666667
TX,18714,19045,Female,33,305.3
GBR,9778,9991,Male,30,250.8
NY,2222,2303,Male,23,206.5666667
MD,9260,9463,Female,30,250.95
NY,12686,12938,Male,34,264.9833333
TX,16292,16586,Male,39,288.0666667
NY,21799,22154,Female,32,350.7833333
CA,22640,23008,Male,50,379.3
TX,22378,22742,Female,31,363.4666667
NY,3018,3126,Male,40,215.1333333
NOR,9178,9380,Male,48,251.8333333
CT,21467,21822,Male,36,343.6
MEX,7728,7915,Male,34,240.6833333
SD,21586,21941,Male,69,339.05
PER,17523,17844,Male,47,295.5166667
DEN,13894,14156,Female,29,274.2333333
FRA,14366,14632,Female,49,277.7666667
FRA,4367,4496,Male,40,224.8
GER,19024,19356,Male,60,302.4666667
GBR,12549,12800,Male,37,265.7666667
CT,3695,3814,Female,36,220.5833333
ITA,2734,2833,Male,34,212.1666667
MA,7725,7912,Male,30,242.4
NY,10426,10649,Female,33,258.9666667
NY,14628,14897,Male,39,277.55
NY,21569,21924,Male,50,339.9833333
NJ,9373,9581,Male,32,253.3166667
VA,16144,16437,Female,33,287.4666667
NY,20740,21089,Male,42,330.4166667
ESP,4243,4370,Male,48,224.5333333
NJ,8386,8585,Male,61,247.75
ITA,796,827,Male,36,186.3833333
NY,8331,8529,Male,30,245.4
NY,286,298,Male,33,169.6666667
OR,9128,9330,Male,48,249.2
FRA,476,495,Male,46,177.6166667
FRA,11496,11732,Male,51,261.8
NY,21089,21441,Male,52,330.8
NED,4643,4776,Male,36,225.45
NJ,20945,21297,Female,43,328
NY,17339,17658,Male,32,292.8666667
AUT,11719,11959,Female,40,262.95
CAN,15579,15860,Female,34,283.8
SC,19993,20334,Male,22,313.1666667
CAN,13314,13570,Female,30,270.2
NED,16212,16506,Female,33,284.4
VA,13088,13342,Female,22,268.5166667
PER,21900,22255,Female,33,347.6333333
CA,354,367,Male,43,173.3666667
SWE,19880,20218,Female,50,316.5666667
CAN,7823,8010,Female,41,244.45
NY,12431,12682,Male,31,266.1
ARG,2660,2757,Male,33,211.7
SUI,1162,1207,Male,40,193.2
NJ,21405,21759,Male,30,337.9666667
PA,17216,17530,Male,52,290.45
NY,3917,4041,Male,39,221.35
ITA,7275,7458,Male,33,237.45
WA,18421,18750,Female,50,296.9166667
NY,4628,4760,Male,33,225.7
GER,15268,15546,Male,48,282.1
NY,3520,3637,Female,31,219.4333333
NY,18272,18601,Male,42,299.9
SUI,3580,3698,Male,40,218.2333333
FRA,20388,20735,Female,44,321.4166667
NOR,429,446,Male,55,176.2333333
NY,20903,21255,Female,27,332.2
NY,23290,23662,Female,69,566.7833333
GBR,17011,17320,Male,30,291.1666667
NY,16928,17235,Male,42,291.2166667
GBR,21153,21506,Male,50,332.3
NY,9239,9442,Male,56,252.5333333
NJ,18143,18472,Female,40,294.0166667
SWE,323,335,Male,32,171.5666667
NY,19266,19602,Male,52,311.4833333
NJ,21561,21916,Female,30,340.4166667
NJ,4193,4320,Male,44,224.3
NY,9493,9704,Male,35,252.3
NY,10649,10874,Male,31,256.9833333
ID,9640,9853,Male,72,254.8333333
NY,12099,12343,Male,34,265.0166667
GBR,6038,6197,Male,58,234.3166667
MI,652,676,Male,41,182.7
CAN,22198,22556,Female,50,359.8666667
NY,8123,8317,Male,31,245.2833333
NY,3915,4039,Male,30,221.6833333
FRA,7508,7693,Male,57,240.4666667
NED,17691,18014,Male,35,294.9166667
VT,9099,9301,Male,22,250.7166667
NJ,15155,15429,Male,48,280.3666667
NJ,19359,19695,Female,51,312.2166667
GBR,15255,15533,Male,44,279.0333333
ITA,11440,11675,Male,63,262.1166667
SWE,20847,21199,Male,71,331.1333333
GBR,22258,22616,Male,24,361.6666667
PER,5051,5189,Female,41,228.9666667
NY,7377,7561,Male,40,239.1333333
NY,11891,12132,Male,33,265.3
CT,15619,15901,Female,23,282.7666667
CA,21012,21364,Male,31,332.6833333
NY,10535,10760,Male,43,258.5
NY,17870,18195,Male,32,298.3166667
NY,3713,3832,Male,42,220.3
NY,21246,21600,Female,33,332.3833333
PA,14214,14480,Female,36,277.3833333
GBR,19890,20228,Male,29,316.7666667
CA,7025,7205,Female,30,239.4833333
NY,19525,19862,Female,46,313.75
NJ,10442,10665,Male,22,256.2666667
COL,2418,2509,Male,22,207.5
ME,17943,18270,Male,31,299.3
NY,14860,15133,Female,23,275.0333333
NJ,2346,2433,Male,44,208.1666667
NY,15163,15439,Female,24,280.1
FRA,6842,7017,Male,40,237.8666667
CA,8844,9046,Male,33,248.5166667
NY,1234,1281,Female,35,194.95
ITA,4070,4197,Male,46,222.7833333
NOR,10971,11200,Male,50,260.8333333
NY,3817,3939,Male,45,220.5166667
FRA,6619,6791,Male,50,236.7666667
NY,6591,6761,Female,33,236.0833333
MA,3228,3340,Male,32,214.7
NY,14754,15026,Male,30,278.3333333
VA,8712,8914,Male,34,248.4
NJ,2563,2658,Male,33,208.75
CA,13597,13856,Male,40,272.3833333
MN,1136,1180,Female,36,193.3166667
CT,20739,21088,Male,21,329.25
CT,5894,6053,Female,43,234.3166667
NY,2553,2648,Male,27,209.5666667
WI,17636,17958,Male,49,290.9333333
PA,21323,21677,Male,22,338.8166667
SC,14862,15135,Female,21,275.0333333
PHI,7396,7580,Male,44,240.1
BRA,13294,13550,Male,56,273.0666667
CT,22351,22712,Female,49,365.5666667
GBR,14880,15153,Male,31,279.0833333
CA,21052,21404,Male,50,329.8166667
GBR,7518,7703,Male,37,241.8166667
NY,17371,17691,Male,31,293.9666667
NJ,2077,2154,Male,28,206.25
NED,8917,9119,Male,53,249.6833333
MD,2919,3021,Male,27,213.05
CO,17687,18010,Female,32,296.2833333
CAN,18412,18741,Female,30,301.4666667
GBR,2685,2782,Male,40,209.95
CT,16031,16320,Male,33,287
NED,17697,18020,Male,35,295.4166667
FRA,1741,1806,Male,46,201.75
GBR,7932,8124,Male,26,243.4666667
NY,8738,8940,Male,32,247.3833333
MEX,4092,4219,Male,37,222.95
NED,2997,3105,Male,29,214.8666667
NY,17261,17577,Female,51,291.6166667
CT,3538,3655,Male,23,217.4333333
CAN,7446,7631,Male,35,235.1166667
GBR,15198,15475,Male,42,275.7833333
MD,15263,15541,Male,43,281.2166667
NY,11449,11684,Male,22,261.9
CT,16583,16883,Female,23,289.6666667
GER,18423,18752,Female,33,301.4166667
TX,11647,11885,Female,29,264.3333333
GBR,22184,22542,Male,23,355.8666667
GBR,10478,10702,Male,47,256.15
NY,15091,15365,Female,41,280.8833333
VA,10921,11149,Female,21,259.0666667
NY,16165,16458,Female,35,287.8833333
NY,14539,14805,Male,30,272.1666667
NY,11974,12218,Female,31,264.0833333
FRA,5807,5964,Male,42,232.6333333
NY,12719,12971,Female,31,268.4
GBR,6685,6857,Male,46,237
DC,7788,7975,Male,30,243.2
NY,17527,17848,Female,43,294.1166667
MA,15668,15951,Male,33,283.7833333
NY,13080,13334,Male,56,270.6333333
FL,19109,19442,Female,34,308.2666667
ITA,3941,4065,Male,43,222.2
GBR,3628,3746,Male,37,219.9333333
NY,11026,11255,Male,32,260.4833333
ITA,5713,5865,Male,49,233.5666667
NY,17644,17966,Male,32,293.0666667
GBR,21258,21612,Male,34,333.3666667
ITA,17577,17898,Male,63,295.2666667
SUR,16512,16810,Male,40,289.0666667
VEN,17666,17988,Female,34,291.7
NY,3424,3540,Male,53,218.7833333
LA,16902,17208,Male,37,290.7
MA,4561,4693,Male,51,226.55
GBR,22283,22642,Female,20,361.85
GBR,13565,13824,Female,38,272.05
NJ,15498,15778,Female,38,285.0666667
ITA,12190,12438,Male,37,266.3833333
ITA,23162,23533,Male,70,440.7666667
GA,6495,6665,Female,22,237.25
NY,1275,1322,Male,53,195.1
CAN,12913,13166,Male,47,270.5
CA,22659,23027,Male,40,379.2166667
ITA,17021,17330,Female,29,288.4833333
NY,17944,18271,Male,53,299.3
VA,20907,21259,Male,33,326.45
FL,16559,16858,Male,41,288.9666667
GBR,7516,7701,Male,40,239.45
IRL,23269,23641,Male,40,491.5666667
NJ,7339,7522,Male,30,241.7166667
NY,3274,3387,Male,41,216.9166667
RSA,4039,4165,Male,40,221.7833333
ITA,4613,4745,Male,28,224.7
NY,20270,20616,Female,31,317.3166667
FRA,3738,3859,Male,43,220.65
FRA,588,611,Male,44,180.7833333
NJ,21808,22163,Female,48,349.1
NY,4681,4814,Male,37,225.3833333
CA,16726,17030,Male,50,291
ITA,3657,3776,Male,50,217.0833333
NY,17428,17749,Male,32,294.2833333
GER,5204,5347,Female,38,230.2833333
FRA,3946,4070,Female,40,222.0333333
CT,20626,20975,Male,44,325
NJ,16790,17094,Male,50,293.05
GBR,18641,18972,Male,50,299.9166667
NY,11155,11386,Female,29,262.2
IL,19395,19731,Male,32,306.6
MN,1013,1053,Female,42,190.9333333
CO,112,116,Male,43,157.5833333
CAN,8280,8478,Male,37,244.95
MA,7546,7731,Female,23,241.5666667
NY,2267,2351,Male,46,208
NJ,13721,13982,Male,51,268.0833333
CO,10735,10961,Male,47,258.1166667
GBR,9848,10062,Male,25,251.8333333
NY,3669,3788,Male,32,220.45
NY,11508,11745,Female,27,261.7
MEX,16579,16879,Female,27,288.7833333
FRA,7478,7663,Female,33,242.5166667
FRA,17675,17997,Male,46,296.3333333
NY,19678,20015,Female,30,314.05
ESP,218,228,Male,33,165.5166667
NY,8616,8817,Male,22,247.9833333
GBR,15612,15894,Male,20,284.0833333
GBR,16614,16916,Female,33,286.5166667
VT,8395,8594,Male,41,246.4333333
NY,14835,15107,Male,38,275.8333333
ITA,19666,20003,Male,57,315.7666667
NY,603,626,Male,33,180.7
ITA,5402,5550,Male,23,231.1333333
NY,22519,22884,Female,30,370.2
MA,5401,5549,Male,31,229.15
FRA,6369,6537,Male,41,235.8833333
NY,11239,11471,Male,31,259.7333333
FL,6249,6414,Male,38,233.7833333
GBR,4495,4627,Male,37,225.0833333
GER,9683,9896,Male,60,249.0333333
GBR,20944,21296,Male,46,331.15
GBR,10695,10920,Male,45,257.05
NY,1805,1872,Male,43,203.3833333
NY,21579,21934,Female,54,339.0666667
CAN,11093,11323,Male,50,258.3333333
NY,11310,11544,Male,31,262.4333333
NC,16447,16741,Female,42,288.5666667
IL,12820,13073,Male,42,267.6166667
ITA,3232,3344,Male,39,216.5166667
VEN,674,699,Male,31,183.1166667
TX,17358,17678,Male,40,294.65
AUS,8697,8899,Female,53,249.3833333
GBR,19888,20226,Male,25,316.75
NED,14636,14905,Male,29,275.6166667
FRA,13545,13804,Male,47,271.6333333
NY,2317,2403,Male,31,208.2
NJ,17617,17939,Female,45,293.85
GBR,3455,3571,Male,37,217.15
NJ,675,700,Male,44,183.45
JPN,19982,20323,Male,45,316.85
GA,7696,7882,Male,43,240.35
NY,8777,8979,Male,48,248.3
MEX,9494,9705,Male,26,253.5666667
VA,4340,4469,Male,32,223.3833333
ITA,1147,1192,Male,28,193.4166667
GBR,23057,23427,Male,32,414.9833333
BRA,13736,13997,Male,28,274.2833333
FRA,1630,1689,Male,42,201.05
NY,18324,18653,Male,33,302.3
NY,8686,8888,Female,22,249.3166667
CA,14155,14421,Female,24,275.0666667
CAN,11149,11380,Female,37,255.8166667
PA,8219,8415,Male,37,245.2
MA,8317,8515,Male,23,243.7666667
MO,23035,23405,Female,28,415.1333333
NY,7999,8192,Female,32,243.15
GER,5008,5146,Male,43,225.75
NY,9036,9238,Male,41,248.9
NED,5027,5165,Male,28,228.35
NY,21475,21830,Male,40,343.4833333
FRA,2895,2997,Female,38,213.9166667
NJ,19080,19413,Male,35,305.2333333
FRA,4186,4313,Male,20,224.0166667
FRA,13829,14091,Male,37,271.2833333
NY,15240,15518,Male,31,279.3166667
NY,13072,13326,Male,62,269.05
SWE,4754,4888,Male,44,227.2166667
NY,19802,20140,Male,43,317.85
NY,1647,1710,Male,34,200.9666667
VEN,4742,4876,Male,38,225.8333333
NJ,14059,14324,Female,47,272.5
RSA,17452,17773,Male,28,295.4
GBR,940,975,Male,46,189.3333333
ITA,21601,21956,Male,33,339.6833333
NY,14180,14446,Male,31,276.95
ITA,19396,19732,Male,43,311.5666667
NED,18560,18890,Male,50,303.2166667
OH,19849,20187,Male,52,315.3333333
NED,12976,13230,Male,38,270
NED,2592,2688,Male,40,209.2333333
NY,14727,14999,Female,46,280.9
NY,11369,11603,Male,29,262.9166667
NY,11227,11459,Male,31,261.0666667
NY,7199,7382,Male,24,241.15
NY,4096,4223,Male,39,221.9833333
NY,13254,13510,Male,31,272.6666667
JPN,18740,19071,Male,51,298.9833333
NY,13113,13367,Male,41,271.75
NY,4437,4568,Female,25,225.5833333
NJ,6854,7030,Male,39,237.75
ARG,645,669,Male,34,182.7666667
FRA,3356,3470,Male,50,217.9166667
IL,11994,12238,Male,42,260.3166667
FIN,11384,11618,Male,54,262.5833333
NJ,20466,20813,Female,54,325.3333333
NED,5978,6137,Male,32,233.95
NJ,22946,23316,Male,73,400.7166667
CA,5599,5750,Female,30,230.7333333
GER,18511,18841,Male,41,301.7166667
NY,21782,22137,Male,31,348.3
NED,1143,1188,Male,49,193.05
TX,7808,7995,Male,50,242.9833333
NY,15654,15937,Female,42,278.8666667
GER,18348,18677,Male,55,300.4666667
NY,3072,3181,Male,28,215.1
NY,21545,21900,Female,40,341.7166667
GBR,7247,7430,Male,30,239.7666667
MO,21629,21984,Male,40,343.85
NY,20357,20704,Female,36,323.05
NY,8059,8252,Female,25,245.4833333
IRL,23157,23528,Male,35,436.2333333
NED,21602,21957,Female,37,342.9333333
NY,12928,13181,Male,40,271.35
NY,16714,17017,Female,32,289.7166667
NJ,22000,22356,Female,23,353.2666667
GBR,23255,23627,Male,45,478.0166667
BRA,4418,4549,Male,46,224.65
GBR,11850,12090,Female,31,263.4666667
NY,9359,9567,Male,32,251.1333333
COL,15027,15300,Male,30,278.2833333
CO,16944,17251,Female,31,290.75
NY,16506,16804,Female,22,288.2833333
NY,17937,18264,Female,44,299.9666667
CA,9439,9649,Male,33,250.15
NY,23008,23378,Female,32,411.5666667
OR,433,451,Male,41,176.05
GBR,5282,5427,Female,42,230.75
NY,13486,13745,Female,31,273.2666667
SUI,4161,4288,Male,50,223.15
ITA,10518,10743,Male,39,256.55
MI,999,1036,Male,42,190.4
FRA,14942,15215,Male,48,280.6
TX,8217,8413,Male,42,246.3333333
SUR,20557,20905,Female,37,324.2166667
GBR,17727,18050,Male,29,294.6
GER,11725,11965,Female,30,262.35
NY,23055,23425,Male,62,416.9666667
ITA,7600,7785,Male,53,242.6333333
NZL,4465,4597,Male,38,224.45
NY,12418,12669,Female,31,263.8666667
CA,4252,4380,Male,41,223.55
LUX,16235,16529,Male,33,287.5333333
WA,1667,1730,Female,39,201.35
PR,20156,20500,Male,52,319.4333333
NY,7863,8051,Female,46,244.85
NJ,9825,10038,Male,41,255.0333333
ITA,7535,7720,Male,30,242.2833333
LUX,3627,3745,Male,49,220.0166667
GBR,21512,21867,Female,58,340.65
NED,11089,11319,Male,33,259.1
AK,53,54,Male,37,147.3333333
ITA,4105,4232,Male,27,222.8666667
FL,6208,6372,Male,31,235.6666667
NY,317,329,Male,34,171.2833333
SUI,13629,13889,Male,43,271.5
NY,16464,16759,Male,52,285.5166667
GBR,10796,11024,Female,43,258.25
NY,21198,21552,Female,33,334.2166667
GAU,11225,11457,Male,56,261.8333333
NY,16619,16921,Female,33,289.15
GBR,13178,13433,Male,49,269.9666667
NY,17276,17592,Male,52,292.2333333
NY,7006,7184,Female,41,237.1833333
NY,14384,14650,Female,30,275.35
CA,17979,18306,Female,31,298.0166667
GBR,22987,23357,Male,54,411.1833333
FRA,8576,8776,Male,32,248.6
NY,2084,2161,Male,34,205.5666667
SUI,21868,22223,Female,33,346.2833333
VEN,17178,17492,Male,51,294.9666667
CA,18644,18975,Male,35,305.1166667
DEN,13992,14256,Male,49,271.8
CAN,5359,5505,Male,36,230.3333333
ITA,4224,4351,Male,45,224.0666667
FL,19957,20296,Male,30,316.5
NED,14337,14603,Male,44,274.6333333
NJ,8817,9019,Male,39,248.2
CA,21839,22194,Female,34,347.7666667
SUI,14690,14961,Female,57,274.25
GA,9271,9475,Male,30,249.2833333
NJ,20870,21222,Male,34,329.45
MA,7004,7181,Male,30,236.4333333
FRA,19707,20045,Female,48,313.1166667
NY,13875,14137,Female,41,274.0333333
FRA,7573,7758,Male,49,240.4166667
NY,16487,16783,Male,67,285.85
GBR,14094,14359,Male,47,275.3
PA,19763,20101,Female,20,310.05
CO,14464,14730,Female,51,271.8166667
NY,21690,22045,Male,42,348.0833333
NY,10506,10731,Female,32,258.5833333
NJ,10420,10643,Male,41,252.8333333
NY,6861,7038,Male,40,238.6666667
NY,6731,6904,Male,38,238.1666667
DEN,1787,1854,Male,51,202.4333333
CA,2993,3101,Male,30,213.9666667
FRA,6009,6168,Male,40,234.65
CA,1665,1728,Male,32,200.3166667
NY,14386,14652,Female,31,277.0833333
NY,18731,19062,Male,22,302.5
NED,9380,9588,Male,44,253.5666667
SUI,11079,11309,Female,38,259.7666667
NY,20663,21012,Male,24,322.7666667
NED,11314,11548,Male,54,258.7166667
NY,20733,21082,Male,48,328.5
TX,10209,10429,Male,40,255.6166667
GBR,21036,21388,Female,42,329.6833333
NED,3336,3450,Male,29,218.0166667
NY,19250,19585,Male,32,309.7166667
NY,16026,16315,Male,42,284.2333333
GBR,5487,5637,Male,50,231.4166667
FL,22128,22486,Male,51,352.3666667
NY,17086,17397,Male,35,291.2666667
NY,18761,19092,Female,34,303.45
NED,18540,18870,Male,46,303.2666667
NY,18078,18407,Female,30,293.5333333
NY,9321,9527,Female,26,252.0666667
AUT,10192,10412,Male,45,254.4333333
NY,6216,6380,Female,27,235.9
RSA,3252,3365,Male,28,215.6666667
FRA,19255,19590,Male,40,305.05
WA,385,399,Male,36,174.7666667
CA,17295,17611,Male,55,294.1
ITA,12458,12709,Male,37,267.05
ITA,22722,23090,Male,63,385.1666667
NY,19677,20014,Male,35,313.15
ITA,12112,12356,Male,37,264.8833333
NY,19735,20073,Male,32,312
GBR,420,437,Male,30,175.7666667
NY,3064,3173,Male,42,215.1
NY,19517,19854,Female,36,312.55
MEX,6645,6817,Male,42,238.25
NC,19857,20195,Female,31,315.9666667
MA,1190,1236,Male,36,193.6833333
NY,3257,3370,Female,23,217.4833333
CA,14766,15038,Male,50,279.3166667
NJ,8804,9006,Male,21,248.55
TN,3776,3897,Female,22,218.7166667
IL,3857,3981,Female,28,221.85
BER,14618,14886,Female,45,277.6333333
NED,7850,8038,Male,48,243.4333333
CA,21836,22191,Male,62,347.3166667
NJ,10348,10571,Male,41,258.0166667
WI,14648,14918,Male,34,279.05
VA,14684,14955,Male,41,276.9
AUS,750,779,Male,26,184.2
GBR,4330,4459,Male,28,224.5833333
NED,6491,6661,Male,50,236.0166667
VEN,2238,2319,Male,61,207.1666667
ITA,13742,14003,Male,43,275.2666667
MA,18037,18364,Female,35,297.2
HI,9587,9800,Female,26,254.45
NC,8250,8447,Female,31,244.6
NY,11910,12152,Male,33,265.3166667
ITA,4472,4604,Male,45,225.3333333
GA,9713,9926,Male,32,253.6333333
PAR,582,605,Male,57,180.75
FRA,9520,9733,Male,54,251.4333333
NY,1188,1234,Male,51,194.0666667
FRA,14501,14767,Male,52,273.8666667
NJ,7493,7678,Male,53,240.9
GBR,17047,17356,Male,36,290.1333333
FRA,22798,23168,Female,56,390
NY,16339,16633,Female,30,283.0833333
NOR,7424,7609,Male,36,239.2666667
NED,3428,3544,Male,29,218.2666667
CA,18655,18986,Female,31,304.4
JPN,1057,1098,Male,47,191.1333333
FRA,4976,5114,Male,42,226.7333333
NY,3562,3680,Male,33,219.7833333
CA,5737,5890,Female,43,233.9166667
FRA,19745,20083,Male,52,315.35
NY,10335,10558,Male,55,258.4
NY,408,425,Female,26,175.5333333
MEX,18650,18981,Female,22,304.8333333
FRA,1619,1678,Male,39,200.55
TN,18505,18835,Male,30,298.5833333
NY,2825,2926,Male,32,213.05
NY,8829,9031,Male,34,247.95
NY,20872,21224,Male,43,328.9333333
GER,15821,16108,Female,44,283.6333333
NY,1355,1407,Male,44,195.2833333
NED,17804,18129,Male,34,297.5666667
NY,3889,4013,Female,32,221.9166667
GER,9328,9534,Male,41,250.9166667
NJ,13393,13651,Male,67,270.8
NY,6660,6832,Male,41,236.9833333
NY,21100,21452,Female,27,329.3333333
NY,10339,10562,Male,44,256.5833333
MA,10794,11022,Female,41,257.55
NY,23250,23622,Male,33,475.3666667
NY,10982,11211,Male,55,258.6666667
GBR,14334,14600,Female,50,272.6666667
FRA,18367,18696,Female,44,299.8
FRA,8816,9018,Male,31,247.7666667
CT,8688,8890,Female,23,249.4833333
NM,22585,22953,Male,49,374.25
GER,11826,12066,Male,50,264.5833333
NY,16756,17060,Female,42,285
NOR,5022,5160,Male,21,228.4666667
ESP,5999,6158,Male,33,232.9
JPN,4690,4823,Male,64,227.4166667
NY,3871,3995,Female,30,221.5166667
GBR,13306,13562,Male,30,269.9166667
GBR,20875,21227,Male,29,328.2333333
NY,21566,21921,Female,35,344.1
MA,7216,7399,Female,23,240.9333333
FRA,3651,3769,Male,41,219.9
FRA,962,997,Male,37,189.6833333
GBR,15375,15654,Female,42,281.7833333
GBR,927,961,Male,49,189.1
CA,16361,16655,Male,65,287.1
NY,4089,4216,Male,24,221.35
NY,22016,22372,Male,43,351.3166667
NY,11395,11629,Male,31,259.4333333
DC,17590,17911,Male,52,297.8666667
NJ,5937,6096,Female,42,235.0333333
AUT,836,867,Male,53,186.7833333
NY,21383,21737,Male,40,336.75
CT,1992,2063,Male,34,205.35
CA,2194,2273,Male,34,206.3333333
PER,18434,18763,Male,50,301
NY,18464,18793,Female,33,298.2333333
NY,18087,18416,Female,32,296.6333333
PER,20980,21332,Male,41,333.5833333
NY,14217,14483,Female,62,277.6833333
TX,14681,14952,Female,24,278.15
NY,13679,13939,Female,60,274.65
GER,13618,13878,Female,47,270.7
MN,8716,8918,Male,51,248.55
CT,4951,5088,Male,41,228.1333333
NY,4853,4989,Female,22,227.4
IL,15103,15377,Female,33,276.5666667
NJ,4287,4416,Male,48,222.9833333
NY,13141,13395,Male,54,269.6333333
NY,9369,9577,Female,34,250.3
MD,7856,8044,Male,52,242.5166667
FRA,2264,2348,Male,41,207.65
AUT,456,475,Male,35,177.0833333
NH,18494,18824,Female,34,300.2666667
TX,20591,20940,Female,41,326.75
CA,11493,11729,Male,32,257.8833333
NY,8348,8546,Female,32,245.1833333
GER,17924,18250,Male,60,298.7666667
NY,11500,11736,Female,27,261.7666667
NJ,2877,2979,Female,32,213.7666667
NY,1405,1457,Male,40,197.8833333
CT,21916,22271,Female,55,349.85
OR,9570,9783,Male,42,253.9833333
SUI,14234,14500,Male,48,272.5
NJ,100,104,Male,27,156
NY,7027,7207,Male,25,239.8
CAN,4654,4787,Female,30,225.3
TX,17430,17751,Male,36,292.4833333
CA,22163,22521,Female,42,353.5666667
GBR,11981,12225,Male,30,264.1166667
NY,15236,15514,Male,40,281.4
MA,20863,21215,Male,53,331.7
ITA,6238,6402,Male,35,235.8
MI,22642,23010,Male,69,376.65
NY,15733,16017,Male,24,284.3166667
CT,22691,23059,Male,51,380.6833333
NY,20188,20532,Male,29,316.8166667
CT,13477,13736,Female,33,273
NY,9151,9353,Male,30,251.5833333
NJ,2200,2279,Male,21,206.1333333
FL,17945,18272,Male,43,298.4
NY,13982,14246,Male,31,275.55
FRA,13403,13661,Male,39,270.2833333
ESP,1595,1654,Male,35,200.55
ITA,15869,16157,Male,31,285.25
SUI,20530,20877,Male,29,324.6666667
MA,13981,14245,Male,40,273.7
IN,13190,13446,Female,37,267.6333333
NED,1038,1079,Male,40,191.3166667
ITA,13752,14013,Male,49,273.0333333
NY,23273,23645,Female,46,501.55
TN,15901,16189,Female,51,285.35
GER,14889,15162,Female,50,278.1166667
NY,11547,11784,Female,40,263.3833333
CAN,4079,4206,Male,27,223.3333333
FRA,15972,16261,Male,61,285.8833333
GBR,1090,1131,Male,37,191.9166667
IRL,16419,16713,Female,53,289.0166667
NY,13977,14241,Female,21,276.05
GER,8527,8726,Male,55,240.9666667
