Corredor,place,gender,age,home,time
3475,3592,Male,52,GBR,217.4833333
13594,13853,Female,40,NY,272.55
12012,12256,Male,31,FRA,265.2833333
10236,10457,Female,33,MI,256.15
9476,9686,Male,33,NY,252.25
1720,1784,Male,40,NJ,201.9666667
15736,16020,Female,30,CA,283.5666667
10580,10805,Male,27,GBR,255.8833333
11957,12201,Male,42,NED,264.25
18933,19266,Male,48,B.C,306.6833333
14956,15229,Female,63,GBR,281.2666667
14987,15260,Male,49,ITA,280.25
10447,10670,Male,33,NY,258.3333333
10435,10658,Male,43,NY,257.1333333
191,200,Male,40,GER,163.9333333
9962,10178,Male,33,NY,253.6166667
2379,2467,Male,40,FRA,206.2666667
10505,10729,Male,36,NY,257.9333333
11853,12093,Male,49,SWE,262.1333333
12181,12428,Female,34,NY,264.2166667
2633,2730,Male,26,DEN,209.7333333
11935,12179,Male,50,NED,265.25
20116,20460,Male,33,NJ,315.2333333
23043,23413,Male,71,FL,414.7
19584,19921,Female,39,GER,309.2666667
11640,11878,Female,28,GBR,261.2666667
17363,17683,Male,52,GBR,295.3166667
17611,17933,Male,28,NED,294.8333333
9935,10151,Male,52,CA,254.25
8713,8915,Male,41,BRA,248.95
204,213,Male,35,VA,164.5
21293,21647,Female,39,NY,334.0166667
2624,2721,Male,48,FRA,210.9
14357,14623,Male,33,NED,271.0666667
4583,4715,Male,35,MA,226.4666667
10059,10277,Male,46,PR,256.7166667
12379,12630,Male,30,NY,264.8333333
3633,3751,Male,42,KY,219.1333333
6695,6867,Male,31,ITA,237.7
711,737,Male,40,IL,184.3
10746,10972,Male,41,NY,253.75
12716,12968,Male,33,NY,267.4666667
17454,17775,Male,37,NY,289.6166667
10114,10333,Female,25,RSA,256.9666667
16764,17068,Male,39,GBR,288.0333333
14424,14690,Male,34,NY,277.4
19915,20253,Female,42,NY,316.3333333
13047,13301,Male,44,ITA,271.3666667
8626,8827,Male,45,MA,248.0833333
805,836,Male,30,NY,186.45
6955,7132,Male,33,CA,237.2
20135,20479,Female,39,CAN,318.6333333
23128,23499,Male,67,GA,431.6166667
4833,4969,Male,35,GBR,227.0166667
22111,22469,Female,42,NY,353.1
15975,16264,Female,30,MA,284.0166667
22968,23338,Female,31,NY,407.4333333
9482,9692,Male,44,FRA,252.6333333
15726,16010,Male,44,MEX,283.75
3388,3502,Female,38,GBR,218.3833333
2504,2596,Male,27,MEX,207.0166667
23231,23603,Female,58,NY,467.1833333
5755,5909,Male,36,NY,231.4166667
12426,12677,Male,36,NED,265.1333333
488,507,Male,33,CT,177.3666667
16982,17290,Male,40,NY,292.1333333
5918,6077,Female,28,NY,234.2
12031,12275,Female,32,NY,264.5
3855,3979,Male,36,FRA,221.3833333
8902,9104,Female,23,NY,247.3166667
6523,6693,Male,33,MA,236.2333333
6080,6240,Male,42,NY,235.7333333
15601,15883,Male,41,GBR,284.25
5617,5768,Female,40,MEX,232.3833333
11867,12107,Male,40,GBR,265.1166667
5179,5322,Male,33,ITA,230.4166667
20590,20939,Female,25,KOR,327.1666667
20343,20690,Male,27,GBR,321.55
12955,13208,Male,51,MEX,268.9666667
10601,10826,Female,56,SWE,258.5333333
8855,9057,Male,48,GER,249.2666667
20719,21068,Male,33,NY,326.9333333
12715,12967,Male,51,GER,268.1833333
10962,11191,Male,51,RSA,256.9833333
11270,11503,Male,32,NY,256.5
11860,12100,Female,32,NY,263.85
15203,15480,Male,69,FRA,276.5
18838,19171,Male,44,ITA,306.4166667
6981,7158,Female,38,GBR,239.55
11141,11372,Female,31,GBR,259.2
14695,14966,Male,53,NED,277.6833333
4450,4582,Male,44,MO,219.7666667
4675,4808,Male,44,NY,227.2
13346,13602,Male,51,NM,272.2166667
400,417,Male,33,NY,175.3666667
10217,10437,Female,41,GBR,254.5333333
4993,5131,Male,33,NY,226.7666667
3476,3593,Male,32,NY,219.05
1927,1996,Male,30,NZL,204.6333333
18859,19192,Male,40,GBR,305.2833333
11424,11659,Male,60,NY,262.7666667
6944,7121,Male,42,LAN,238.95
20992,21344,Female,65,JPN,328.9333333
358,371,Male,26,GER,173.6
16106,16397,Female,38,GER,287.6333333
22743,23112,Male,81,ITA,389
4784,4919,Male,31,NJ,226.8
5647,5798,Female,33,NY,229.3166667
7941,8133,Male,61,FRA,244.3
15924,16212,Female,40,NY,284.8166667
6091,6251,Male,32,IL,234.5833333
510,532,Male,66,ESP,178.5833333
11198,11430,Male,59,NY,262.6833333
11001,11230,Male,40,FRA,259.2333333
8706,8908,Male,43,MI,247.95
23003,23373,Male,18,MEX,408.3333333
535,558,Male,60,ITA,179.5166667
22810,23180,Female,36,GBR,394.0833333
9022,9224,Male,44,NJ,251.3666667
1389,1441,Male,34,MI,197.2
5362,5508,Male,41,CAN,230.35
13266,13522,Male,44,PA,268.4166667
4904,5041,Male,25,NY,228.2833333
8486,8685,Female,21,FRA,248.0333333
495,517,Male,32,SUI,177.7166667
12666,12918,Male,38,NY,266.8333333
17051,17360,Male,33,NY,291.3833333
2519,2613,Female,22,OR,209.0666667
22508,22873,Female,33,TX,369.35
20736,21085,Male,61,FL,326.7
11393,11627,Male,33,NY,258.0333333
22565,22932,Female,41,LA,371.9833333
20645,20994,Male,45,NY,325.95
9649,9862,Female,34,CAN,252.3666667
16182,16475,Male,36,GBR,286.8166667
493,515,Male,29,ITA,177.6333333
20643,20992,Male,43,NY,326.05
14963,15236,Male,21,FL,276.65
8556,8756,Male,52,DEN,246.9666667
4751,4885,Female,41,NY,225.0833333
13853,14115,Male,59,FRA,273.9833333
13539,13798,Male,56,SUI,271.9666667
14262,14528,Male,31,NY,270.6666667
1688,1752,Male,43,NY,201.95
13459,13718,Female,27,GER,270.05
20009,20350,Female,28,NJ,320.5333333
6444,6613,Male,54,FRA,236.4333333
10527,10752,Male,38,NJ,258
8526,8725,Male,31,MA,247.4166667
11896,12137,Male,44,VEN,264.9166667
854,885,Male,40,FRA,187.4166667
956,991,Male,35,FRA,189.4666667
23145,23516,Male,76,NY,430.8166667
23094,23464,Male,51,NY,426.8833333
17753,18076,Male,51,NY,297.2
23230,23602,Male,73,NY,460.8
17141,17454,Female,53,GA,289.2666667
13212,13468,Female,29,NED,271.0666667
4447,4579,Male,42,MEX,223.05
10115,10334,Female,44,NY,256.4833333
21284,21638,Male,43,CA,332.2333333
16809,17113,Female,33,FL,290.3
8510,8709,Male,47,FRA,247.9333333
1525,1583,Male,53,NJ,199.5833333
22073,22431,Female,32,GBR,353.2166667
22509,22874,Female,51,TX,369.35
19034,19366,Female,34,FRA,307.5333333
6555,6725,Female,36,NY,235.0833333
18172,18501,Male,40,GBR,299.1333333
5076,5215,Male,48,ITA,229.5166667
13184,13440,Male,31,PER,271.3666667
14170,14436,Male,30,NY,274.4333333
9746,9959,Male,30,IL,251.85
11733,11973,Male,31,GA,261.8333333
6656,6828,Female,25,NY,238.3333333
23143,23514,Male,38,IRL,433.8833333
3849,3972,Female,44,GBR,220.25
6407,6576,Male,53,GER,231.8
6593,6763,Male,38,NY,237.5333333
8282,8480,Female,42,NJ,244.95
20669,21018,Male,70,JPN,322.9833333
8622,8823,Female,20,MEX,244.8833333
5933,6092,Male,51,NJ,234.0166667
13819,14081,Male,29,MN,272.9833333
11619,11857,Male,31,MN,259.6166667
9254,9457,Male,42,FRA,251.7833333
14824,15096,Female,33,IL,280.0666667
22506,22871,Female,32,NY,370.6
14304,14570,Female,26,DC,277.6
14356,14622,Male,51,FRA,277.6833333
9697,9910,Male,53,NED,253.2833333
13837,14099,Female,28,NY,274.8833333
20516,20863,Female,24,NJ,324.15
21476,21831,Female,42,CA,341.7666667
22009,22365,Female,34,NY,350.25
17221,17535,Female,55,TN,295.5
8023,8216,Female,40,NC,245.5166667
17013,17322,Male,29,GBR,293.6666667
18786,19119,Male,33,GA,302.55
14521,14787,Female,30,MA,275.1
15389,15669,Male,41,NY,282.6
21214,21568,Male,22,NY,330.5666667
8057,8250,Male,33,DC,242.15
253,265,Male,29,FIN,168.1833333
8439,8638,Male,42,NJ,244.7166667
8107,8300,Female,32,MA,246.2666667
14984,15257,Female,20,CA,278.8
347,359,Male,38,FRA,173.15
14856,15129,Female,30,JPN,279.8166667
2971,3077,Female,34,NED,214.6333333
14637,14906,Male,35,GBR,278.2166667
7947,8139,Female,30,NJ,244.7666667
12609,12861,Female,44,TX,268.0666667
13101,13355,Male,51,FRA,269.95
1259,1306,Male,44,NY,195.35
13296,13552,Female,43,CA,272.4
14312,14578,Male,49,CAN,276.7833333
1544,1603,Male,42,MA,198.2166667
13172,13427,Male,32,NY,272.0166667
18088,18417,Female,35,PA,298.35
11741,11981,Female,38,NY,262.6833333
20901,21253,Male,39,NED,330.6166667
12110,12354,Female,48,NOR,265.4
9335,9541,Male,36,CT,253.3
4648,4781,Male,56,FRA,224.65
17361,17681,Female,31,CT,295.7166667
16803,17107,Female,30,NJ,291.0666667
3460,3577,Male,33,FL,218.2833333
17478,17799,Male,52,FL,289.7
6932,7109,Male,23,GBR,238.2333333
10380,10603,Male,39,NED,251.0833333
22333,22694,Male,49,NY,366.5833333
7087,7267,Male,32,CA,238.25
2176,2255,Female,32,NY,207.15
19716,20054,Male,29,ITA,313.3
19305,19641,Male,33,ITA,310.7166667
6398,6567,Male,54,GBR,235.5333333
12038,12282,Male,36,FRA,265.5
4300,4429,Male,38,VEN,224.7166667
837,868,Male,40,NY,186.9166667
7035,7215,Male,33,OH,239.0666667
18565,18895,Female,32,CA,300.0166667
13022,13276,Male,40,DEN,270.0333333
623,646,Male,24,JPN,181.9
19271,19607,Male,41,NJ,305.95
23180,23551,Female,48,IRL,439.8333333
2003,2075,Male,33,NJ,205.2666667
17850,18175,Male,67,ESP,296.6333333
10742,10968,Female,22,CA,258.7
18260,18589,Male,5,,302.6833333
15161,15436,Female,40,NY,281.1333333
5120,5260,Male,56,ITA,230.05
8987,9189,Female,30,NY,248.7666667
5134,5276,Male,26,NY,227.8
10474,10698,Male,53,NY,258.15
14177,14443,Female,38,NED,272.15
7855,8043,Male,41,FRA,243.6
16822,17127,Male,54,OR,290.6166667
18998,19330,Male,43,NY,306.2833333
17059,17368,Female,24,NY,288.55
991,1028,Male,34,ITA,189.8166667
10860,11088,Female,40,FL,257.7833333
10593,10818,Male,27,NY,259.2833333
23221,23593,Male,51,NY,454.65
2806,2906,Male,23,NY,212.65
4576,4708,Female,43,OH,223.4333333
15630,15912,Male,41,MO,285.6166667
13884,14146,Male,40,MA,270.0666667
8782,8984,Male,47,FRA,247.1333333
10116,10335,Male,21,IRL,256.2
7241,7424,Female,30,GBR,239.4166667
4528,4660,Male,33,FL,226.2333333
22746,23115,Female,20,GBR,387.4
16932,17239,Male,55,NY,293.0166667
6007,6166,Male,32,NY,233.4833333
9897,10112,Female,31,NY,250.4333333
20111,20455,Female,31,MA,316.7
16376,16670,Male,31,NJ,288.8166667
13256,13512,Male,36,NJ,272.4666667
10377,10600,Female,36,JPN,258.3333333
20137,20481,Male,72,ARG,321.8666667
22695,23063,Male,41,LA,382.9333333
18666,18997,Male,58,NY,305.7333333
13718,13979,Male,32,GBR,272.5666667
13120,13374,Female,35,NY,271.4
20511,20858,Male,42,ITA,321.35
1943,2012,Female,30,NY,204.9333333
13451,13710,Male,33,NY,272.8166667
3563,3681,Male,44,GER,217.4666667
17033,17342,Female,32,NY,287.8666667
17444,17765,Male,38,NED,293.05
2691,2789,Male,32,PA,210.65
3265,3378,Male,48,CHI,217.35
6231,6395,Male,38,AUS,230.75
6766,6940,Male,31,NJ,237.8833333
3910,4034,Male,32,NY,221.15
22578,22945,Female,33,NJ,379.85
22829,23199,Male,37,NJ,398.2666667
15360,15639,Male,50,NY,283.7833333
1014,1054,Male,52,PR,191.05
16775,17079,Female,33,BEL,290.3333333
5550,5701,Male,32,MA,230.1
5942,6101,Male,22,GBR,233.3833333
6233,6397,Male,43,NY,235.4833333
19089,19422,Male,34,GA,304.9666667
13834,14096,Male,46,MEX,273.5166667
19636,19973,Male,34,NY,315.75
5817,5974,Male,49,MEX,234.3166667
4517,4649,Male,31,CAN,225.2833333
9747,9960,Male,58,DEN,254.2166667
23149,23520,Female,32,GBR,434.1833333
6742,6915,Male,42,VA,238.85
5731,5883,Male,43,ITA,233.75
10932,11160,Male,43,IL,258.9166667
11627,11865,Male,41,CA,262.3666667
7895,8087,Male,30,NJ,244.05
18618,18949,Male,66,GER,302.5166667
21125,21478,Female,53,FRA,330.0666667
22241,22599,Male,30,TX,359.45
19826,20164,Female,31,NJ,316.0333333
22979,23349,Female,31,CA,404.55
2452,2543,Male,33,NY,208.7833333
3565,3683,Female,30,NY,219.5
5192,5335,Male,33,NY,229.35
6552,6722,Male,24,NY,230.5333333
19912,20250,Male,70,MI,318.05
5705,5857,Female,27,NY,233.45
23090,23460,Male,62,FL,423.0166667
20491,20838,Female,21,GBR,321.2333333
9544,9757,Male,46,VEN,254.0666667
7568,7753,Female,33,MA,240.0333333
20973,21325,Male,46,NY,334.2166667
8784,8986,Male,50,FRA,247.2833333
3029,3137,Male,40,CT,214.3666667
14400,14666,Male,39,GBR,275.9166667
19376,19712,Female,23,NY,305.6333333
17911,18237,Male,52,ITA,298.1833333
1759,1825,Male,36,FRA,202.5333333
13335,13591,Female,35,NY,268.2333333
2104,2181,Male,29,WA,205.1833333
19588,19925,Male,29,IL,312.5
3521,3638,Male,53,FRA,218.9666667
3443,3559,Male,44,PA,218.6666667
20774,21124,Male,46,FRA,325.6
17786,18111,Male,54,NY,295.2
15923,16211,Male,41,NY,284.4
9204,9407,Male,47,VEN,251.9666667
10297,10520,Female,40,NY,258.4
8476,8675,Male,42,GER,247.1666667
21197,21551,Male,37,GBR,332.8166667
4329,4458,Female,31,IL,224.8666667
8416,8615,Male,50,FRA,242.2666667
1702,1766,Male,35,CHI,201.4666667
6966,7143,Male,50,WA,239.0833333
18374,18703,Male,40,VA,298.3333333
15515,15795,Male,32,DC,283.7666667
11573,11810,Male,62,ITA,263.2
19246,19581,Male,46,FIN,305.9
8114,8307,Male,34,ITA,244.5666667
15339,15618,Female,30,NY,282.25
969,1004,Male,26,NY,189.8833333
5161,5304,Male,31,CAN,230.1333333
19162,19496,Male,55,NY,310.2
21070,21422,Male,58,ITA,332.6833333
5892,6051,Female,41,ITA,234.3
16603,16905,Male,47,NED,285.2833333
23282,23654,Male,69,NY,508.0833333
17737,18060,Male,33,GA,296.45
4793,4928,Male,54,MD,226.4333333
9378,9586,Male,53,NC,246.85
22207,22565,Male,50,AZ,359.4666667
4318,4447,Male,46,GER,224.4166667
7605,7790,Male,31,VA,241.5666667
13406,13664,Male,35,SUI,266.45
17597,17918,Male,43,NY,291.6166667
6037,6196,Male,32,TX,234.0166667
861,892,Female,30,CA,187.7333333
21157,21510,Female,56,FRA,333.2833333
20271,20617,Female,21,GBR,319.0333333
19547,19884,Male,41,NY,313.3666667
18714,19045,Female,33,TX,305.3
9778,9991,Male,30,GBR,250.8
2222,2303,Male,23,NY,206.5666667
9260,9463,Female,30,MD,250.95
12686,12938,Male,34,NY,264.9833333
16292,16586,Male,39,TX,288.0666667
21799,22154,Female,32,NY,350.7833333
22640,23008,Male,50,CA,379.3
22378,22742,Female,31,TX,363.4666667
3018,3126,Male,40,NY,215.1333333
9178,9380,Male,48,NOR,251.8333333
21467,21822,Male,36,CT,343.6
7728,7915,Male,34,MEX,240.6833333
21586,21941,Male,69,SD,339.05
17523,17844,Male,47,PER,295.5166667
13894,14156,Female,29,DEN,274.2333333
14366,14632,Female,49,FRA,277.7666667
4367,4496,Male,40,FRA,224.8
19024,19356,Male,60,GER,302.4666667
12549,12800,Male,37,GBR,265.7666667
3695,3814,Female,36,CT,220.5833333
2734,2833,Male,34,ITA,212.1666667
7725,7912,Male,30,MA,242.4
10426,10649,Female,33,NY,258.9666667
14628,14897,Male,39,NY,277.55
21569,21924,Male,50,NY,339.9833333
9373,9581,Male,32,NJ,253.3166667
16144,16437,Female,33,VA,287.4666667
20740,21089,Male,42,NY,330.4166667
4243,4370,Male,48,ESP,224.5333333
8386,8585,Male,61,NJ,247.75
796,827,Male,36,ITA,186.3833333
8331,8529,Male,30,NY,245.4
286,298,Male,33,NY,169.6666667
9128,9330,Male,48,OR,249.2
476,495,Male,46,FRA,177.6166667
11496,11732,Male,51,FRA,261.8
21089,21441,Male,52,NY,330.8
4643,4776,Male,36,NED,225.45
20945,21297,Female,43,NJ,328
17339,17658,Male,32,NY,292.8666667
11719,11959,Female,40,AUT,262.95
15579,15860,Female,34,CAN,283.8
19993,20334,Male,22,SC,313.1666667
13314,13570,Female,30,CAN,270.2
16212,16506,Female,33,NED,284.4
13088,13342,Female,22,VA,268.5166667
21900,22255,Female,33,PER,347.6333333
354,367,Male,43,CA,173.3666667
19880,20218,Female,50,SWE,316.5666667
7823,8010,Female,41,CAN,244.45
12431,12682,Male,31,NY,266.1
2660,2757,Male,33,ARG,211.7
1162,1207,Male,40,SUI,193.2
21405,21759,Male,30,NJ,337.9666667
17216,17530,Male,52,PA,290.45
3917,4041,Male,39,NY,221.35
7275,7458,Male,33,ITA,237.45
18421,18750,Female,50,WA,296.9166667
4628,4760,Male,33,NY,225.7
15268,15546,Male,48,GER,282.1
3520,3637,Female,31,NY,219.4333333
18272,18601,Male,42,NY,299.9
3580,3698,Male,40,SUI,218.2333333
20388,20735,Female,44,FRA,321.4166667
429,446,Male,55,NOR,176.2333333
20903,21255,Female,27,NY,332.2
23290,23662,Female,69,NY,566.7833333
17011,17320,Male,30,GBR,291.1666667
16928,17235,Male,42,NY,291.2166667
21153,21506,Male,50,GBR,332.3
9239,9442,Male,56,NY,252.5333333
18143,18472,Female,40,NJ,294.0166667
323,335,Male,32,SWE,171.5666667
19266,19602,Male,52,NY,311.4833333
21561,21916,Female,30,NJ,340.4166667
4193,4320,Male,44,NJ,224.3
9493,9704,Male,35,NY,252.3
10649,10874,Male,31,NY,256.9833333
9640,9853,Male,72,ID,254.8333333
12099,12343,Male,34,NY,265.0166667
6038,6197,Male,58,GBR,234.3166667
652,676,Male,41,MI,182.7
22198,22556,Female,50,CAN,359.8666667
8123,8317,Male,31,NY,245.2833333
3915,4039,Male,30,NY,221.6833333
7508,7693,Male,57,FRA,240.4666667
17691,18014,Male,35,NED,294.9166667
9099,9301,Male,22,VT,250.7166667
15155,15429,Male,48,NJ,280.3666667
19359,19695,Female,51,NJ,312.2166667
15255,15533,Male,44,GBR,279.0333333
11440,11675,Male,63,ITA,262.1166667
20847,21199,Male,71,SWE,331.1333333
22258,22616,Male,24,GBR,361.6666667
5051,5189,Female,41,PER,228.9666667
7377,7561,Male,40,NY,239.1333333
11891,12132,Male,33,NY,265.3
15619,15901,Female,23,CT,282.7666667
21012,21364,Male,31,CA,332.6833333
10535,10760,Male,43,NY,258.5
17870,18195,Male,32,NY,298.3166667
3713,3832,Male,42,NY,220.3
21246,21600,Female,33,NY,332.3833333
14214,14480,Female,36,PA,277.3833333
19890,20228,Male,29,GBR,316.7666667
7025,7205,Female,30,CA,239.4833333
19525,19862,Female,46,NY,313.75
10442,10665,Male,22,NJ,256.2666667
2418,2509,Male,22,COL,207.5
17943,18270,Male,31,ME,299.3
14860,15133,Female,23,NY,275.0333333
2346,2433,Male,44,NJ,208.1666667
15163,15439,Female,24,NY,280.1
6842,7017,Male,40,FRA,237.8666667
8844,9046,Male,33,CA,248.5166667
1234,1281,Female,35,NY,194.95
4070,4197,Male,46,ITA,222.7833333
10971,11200,Male,50,NOR,260.8333333
3817,3939,Male,45,NY,220.5166667
6619,6791,Male,50,FRA,236.7666667
6591,6761,Female,33,NY,236.0833333
3228,3340,Male,32,MA,214.7
14754,15026,Male,30,NY,278.3333333
8712,8914,Male,34,VA,248.4
2563,2658,Male,33,NJ,208.75
13597,13856,Male,40,CA,272.3833333
1136,1180,Female,36,MN,193.3166667
20739,21088,Male,21,CT,329.25
5894,6053,Female,43,CT,234.3166667
2553,2648,Male,27,NY,209.5666667
17636,17958,Male,49,WI,290.9333333
21323,21677,Male,22,PA,338.8166667
14862,15135,Female,21,SC,275.0333333
7396,7580,Male,44,PHI,240.1
13294,13550,Male,56,BRA,273.0666667
22351,22712,Female,49,CT,365.5666667
14880,15153,Male,31,GBR,279.0833333
21052,21404,Male,50,CA,329.8166667
7518,7703,Male,37,GBR,241.8166667
17371,17691,Male,31,NY,293.9666667
2077,2154,Male,28,NJ,206.25
8917,9119,Male,53,NED,249.6833333
2919,3021,Male,27,MD,213.05
17687,18010,Female,32,CO,296.2833333
18412,18741,Female,30,CAN,301.4666667
2685,2782,Male,40,GBR,209.95
16031,16320,Male,33,CT,287
17697,18020,Male,35,NED,295.4166667
1741,1806,Male,46,FRA,201.75
7932,8124,Male,26,GBR,243.4666667
8738,8940,Male,32,NY,247.3833333
4092,4219,Male,37,MEX,222.95
2997,3105,Male,29,NED,214.8666667
17261,17577,Female,51,NY,291.6166667
3538,3655,Male,23,CT,217.4333333
7446,7631,Male,35,CAN,235.1166667
15198,15475,Male,42,GBR,275.7833333
15263,15541,Male,43,MD,281.2166667
11449,11684,Male,22,NY,261.9
16583,16883,Female,23,CT,289.6666667
18423,18752,Female,33,GER,301.4166667
11647,11885,Female,29,TX,264.3333333
22184,22542,Male,23,GBR,355.8666667
10478,10702,Male,47,GBR,256.15
15091,15365,Female,41,NY,280.8833333
10921,11149,Female,21,VA,259.0666667
16165,16458,Female,35,NY,287.8833333
14539,14805,Male,30,NY,272.1666667
11974,12218,Female,31,NY,264.0833333
5807,5964,Male,42,FRA,232.6333333
12719,12971,Female,31,NY,268.4
6685,6857,Male,46,GBR,237
7788,7975,Male,30,DC,243.2
17527,17848,Female,43,NY,294.1166667
15668,15951,Male,33,MA,283.7833333
13080,13334,Male,56,NY,270.6333333
19109,19442,Female,34,FL,308.2666667
3941,4065,Male,43,ITA,222.2
3628,3746,Male,37,GBR,219.9333333
11026,11255,Male,32,NY,260.4833333
5713,5865,Male,49,ITA,233.5666667
17644,17966,Male,32,NY,293.0666667
21258,21612,Male,34,GBR,333.3666667
17577,17898,Male,63,ITA,295.2666667
16512,16810,Male,40,SUR,289.0666667
17666,17988,Female,34,VEN,291.7
3424,3540,Male,53,NY,218.7833333
16902,17208,Male,37,LA,290.7
4561,4693,Male,51,MA,226.55
22283,22642,Female,20,GBR,361.85
13565,13824,Female,38,GBR,272.05
15498,15778,Female,38,NJ,285.0666667
12190,12438,Male,37,ITA,266.3833333
23162,23533,Male,70,ITA,440.7666667
6495,6665,Female,22,GA,237.25
1275,1322,Male,53,NY,195.1
12913,13166,Male,47,CAN,270.5
22659,23027,Male,40,CA,379.2166667
17021,17330,Female,29,ITA,288.4833333
17944,18271,Male,53,NY,299.3
20907,21259,Male,33,VA,326.45
16559,16858,Male,41,FL,288.9666667
7516,7701,Male,40,GBR,239.45
23269,23641,Male,40,IRL,491.5666667
7339,7522,Male,30,NJ,241.7166667
3274,3387,Male,41,NY,216.9166667
4039,4165,Male,40,RSA,221.7833333
4613,4745,Male,28,ITA,224.7
20270,20616,Female,31,NY,317.3166667
3738,3859,Male,43,FRA,220.65
588,611,Male,44,FRA,180.7833333
21808,22163,Female,48,NJ,349.1
4681,4814,Male,37,NY,225.3833333
16726,17030,Male,50,CA,291
3657,3776,Male,50,ITA,217.0833333
17428,17749,Male,32,NY,294.2833333
5204,5347,Female,38,GER,230.2833333
3946,4070,Female,40,FRA,222.0333333
20626,20975,Male,44,CT,325
16790,17094,Male,50,NJ,293.05
18641,18972,Male,50,GBR,299.9166667
11155,11386,Female,29,NY,262.2
19395,19731,Male,32,IL,306.6
1013,1053,Female,42,MN,190.9333333
112,116,Male,43,CO,157.5833333
8280,8478,Male,37,CAN,244.95
7546,7731,Female,23,MA,241.5666667
2267,2351,Male,46,NY,208
13721,13982,Male,51,NJ,268.0833333
10735,10961,Male,47,CO,258.1166667
9848,10062,Male,25,GBR,251.8333333
3669,3788,Male,32,NY,220.45
11508,11745,Female,27,NY,261.7
16579,16879,Female,27,MEX,288.7833333
7478,7663,Female,33,FRA,242.5166667
17675,17997,Male,46,FRA,296.3333333
19678,20015,Female,30,NY,314.05
218,228,Male,33,ESP,165.5166667
8616,8817,Male,22,NY,247.9833333
15612,15894,Male,20,GBR,284.0833333
16614,16916,Female,33,GBR,286.5166667
8395,8594,Male,41,VT,246.4333333
14835,15107,Male,38,NY,275.8333333
19666,20003,Male,57,ITA,315.7666667
603,626,Male,33,NY,180.7
5402,5550,Male,23,ITA,231.1333333
22519,22884,Female,30,NY,370.2
5401,5549,Male,31,MA,229.15
6369,6537,Male,41,FRA,235.8833333
11239,11471,Male,31,NY,259.7333333
6249,6414,Male,38,FL,233.7833333
4495,4627,Male,37,GBR,225.0833333
9683,9896,Male,60,GER,249.0333333
20944,21296,Male,46,GBR,331.15
10695,10920,Male,45,GBR,257.05
1805,1872,Male,43,NY,203.3833333
21579,21934,Female,54,NY,339.0666667
11093,11323,Male,50,CAN,258.3333333
11310,11544,Male,31,NY,262.4333333
16447,16741,Female,42,NC,288.5666667
12820,13073,Male,42,IL,267.6166667
3232,3344,Male,39,ITA,216.5166667
674,699,Male,31,VEN,183.1166667
17358,17678,Male,40,TX,294.65
8697,8899,Female,53,AUS,249.3833333
19888,20226,Male,25,GBR,316.75
14636,14905,Male,29,NED,275.6166667
13545,13804,Male,47,FRA,271.6333333
2317,2403,Male,31,NY,208.2
17617,17939,Female,45,NJ,293.85
3455,3571,Male,37,GBR,217.15
675,700,Male,44,NJ,183.45
19982,20323,Male,45,JPN,316.85
7696,7882,Male,43,GA,240.35
8777,8979,Male,48,NY,248.3
9494,9705,Male,26,MEX,253.5666667
4340,4469,Male,32,VA,223.3833333
1147,1192,Male,28,ITA,193.4166667
23057,23427,Male,32,GBR,414.9833333
13736,13997,Male,28,BRA,274.2833333
1630,1689,Male,42,FRA,201.05
18324,18653,Male,33,NY,302.3
8686,8888,Female,22,NY,249.3166667
14155,14421,Female,24,CA,275.0666667
11149,11380,Female,37,CAN,255.8166667
8219,8415,Male,37,PA,245.2
8317,8515,Male,23,MA,243.7666667
23035,23405,Female,28,MO,415.1333333
7999,8192,Female,32,NY,243.15
5008,5146,Male,43,GER,225.75
9036,9238,Male,41,NY,248.9
5027,5165,Male,28,NED,228.35
21475,21830,Male,40,NY,343.4833333
2895,2997,Female,38,FRA,213.9166667
19080,19413,Male,35,NJ,305.2333333
4186,4313,Male,20,FRA,224.0166667
13829,14091,Male,37,FRA,271.2833333
15240,15518,Male,31,NY,279.3166667
13072,13326,Male,62,NY,269.05
4754,4888,Male,44,SWE,227.2166667
19802,20140,Male,43,NY,317.85
1647,1710,Male,34,NY,200.9666667
4742,4876,Male,38,VEN,225.8333333
14059,14324,Female,47,NJ,272.5
17452,17773,Male,28,RSA,295.4
940,975,Male,46,GBR,189.3333333
21601,21956,Male,33,ITA,339.6833333
14180,14446,Male,31,NY,276.95
19396,19732,Male,43,ITA,311.5666667
18560,18890,Male,50,NED,303.2166667
19849,20187,Male,52,OH,315.3333333
12976,13230,Male,38,NED,270
2592,2688,Male,40,NED,209.2333333
14727,14999,Female,46,NY,280.9
11369,11603,Male,29,NY,262.9166667
11227,11459,Male,31,NY,261.0666667
7199,7382,Male,24,NY,241.15
4096,4223,Male,39,NY,221.9833333
13254,13510,Male,31,NY,272.6666667
18740,19071,Male,51,JPN,298.9833333
13113,13367,Male,41,NY,271.75
4437,4568,Female,25,NY,225.5833333
6854,7030,Male,39,NJ,237.75
645,669,Male,34,ARG,182.7666667
3356,3470,Male,50,FRA,217.9166667
11994,12238,Male,42,IL,260.3166667
11384,11618,Male,54,FIN,262.5833333
20466,20813,Female,54,NJ,325.3333333
5978,6137,Male,32,NED,233.95
22946,23316,Male,73,NJ,400.7166667
5599,5750,Female,30,CA,230.7333333
18511,18841,Male,41,GER,301.7166667
21782,22137,Male,31,NY,348.3
1143,1188,Male,49,NED,193.05
7808,7995,Male,50,TX,242.9833333
15654,15937,Female,42,NY,278.8666667
18348,18677,Male,55,GER,300.4666667
3072,3181,Male,28,NY,215.1
21545,21900,Female,40,NY,341.7166667
7247,7430,Male,30,GBR,239.7666667
21629,21984,Male,40,MO,343.85
20357,20704,Female,36,NY,323.05
8059,8252,Female,25,NY,245.4833333
23157,23528,Male,35,IRL,436.2333333
21602,21957,Female,37,NED,342.9333333
12928,13181,Male,40,NY,271.35
16714,17017,Female,32,NY,289.7166667
22000,22356,Female,23,NJ,353.2666667
23255,23627,Male,45,GBR,478.0166667
4418,4549,Male,46,BRA,224.65
11850,12090,Female,31,GBR,263.4666667
9359,9567,Male,32,NY,251.1333333
15027,15300,Male,30,COL,278.2833333
16944,17251,Female,31,CO,290.75
16506,16804,Female,22,NY,288.2833333
17937,18264,Female,44,NY,299.9666667
9439,9649,Male,33,CA,250.15
23008,23378,Female,32,NY,411.5666667
433,451,Male,41,OR,176.05
5282,5427,Female,42,GBR,230.75
13486,13745,Female,31,NY,273.2666667
4161,4288,Male,50,SUI,223.15
10518,10743,Male,39,ITA,256.55
999,1036,Male,42,MI,190.4
14942,15215,Male,48,FRA,280.6
8217,8413,Male,42,TX,246.3333333
20557,20905,Female,37,SUR,324.2166667
17727,18050,Male,29,GBR,294.6
11725,11965,Female,30,GER,262.35
23055,23425,Male,62,NY,416.9666667
7600,7785,Male,53,ITA,242.6333333
4465,4597,Male,38,NZL,224.45
12418,12669,Female,31,NY,263.8666667
4252,4380,Male,41,CA,223.55
16235,16529,Male,33,LUX,287.5333333
1667,1730,Female,39,WA,201.35
20156,20500,Male,52,PR,319.4333333
7863,8051,Female,46,NY,244.85
9825,10038,Male,41,NJ,255.0333333
7535,7720,Male,30,ITA,242.2833333
3627,3745,Male,49,LUX,220.0166667
21512,21867,Female,58,GBR,340.65
11089,11319,Male,33,NED,259.1
53,54,Male,37,AK,147.3333333
4105,4232,Male,27,ITA,222.8666667
6208,6372,Male,31,FL,235.6666667
317,329,Male,34,NY,171.2833333
13629,13889,Male,43,SUI,271.5
16464,16759,Male,52,NY,285.5166667
10796,11024,Female,43,GBR,258.25
21198,21552,Female,33,NY,334.2166667
11225,11457,Male,56,GAU,261.8333333
16619,16921,Female,33,NY,289.15
13178,13433,Male,49,GBR,269.9666667
17276,17592,Male,52,NY,292.2333333
7006,7184,Female,41,NY,237.1833333
14384,14650,Female,30,NY,275.35
17979,18306,Female,31,CA,298.0166667
22987,23357,Male,54,GBR,411.1833333
8576,8776,Male,32,FRA,248.6
2084,2161,Male,34,NY,205.5666667
21868,22223,Female,33,SUI,346.2833333
17178,17492,Male,51,VEN,294.9666667
18644,18975,Male,35,CA,305.1166667
13992,14256,Male,49,DEN,271.8
5359,5505,Male,36,CAN,230.3333333
4224,4351,Male,45,ITA,224.0666667
19957,20296,Male,30,FL,316.5
14337,14603,Male,44,NED,274.6333333
8817,9019,Male,39,NJ,248.2
21839,22194,Female,34,CA,347.7666667
14690,14961,Female,57,SUI,274.25
9271,9475,Male,30,GA,249.2833333
20870,21222,Male,34,NJ,329.45
7004,7181,Male,30,MA,236.4333333
19707,20045,Female,48,FRA,313.1166667
13875,14137,Female,41,NY,274.0333333
7573,7758,Male,49,FRA,240.4166667
16487,16783,Male,67,NY,285.85
14094,14359,Male,47,GBR,275.3
19763,20101,Female,20,PA,310.05
14464,14730,Female,51,CO,271.8166667
21690,22045,Male,42,NY,348.0833333
10506,10731,Female,32,NY,258.5833333
10420,10643,Male,41,NJ,252.8333333
6861,7038,Male,40,NY,238.6666667
6731,6904,Male,38,NY,238.1666667
1787,1854,Male,51,DEN,202.4333333
2993,3101,Male,30,CA,213.9666667
6009,6168,Male,40,FRA,234.65
1665,1728,Male,32,CA,200.3166667
14386,14652,Female,31,NY,277.0833333
18731,19062,Male,22,NY,302.5
9380,9588,Male,44,NED,253.5666667
11079,11309,Female,38,SUI,259.7666667
20663,21012,Male,24,NY,322.7666667
11314,11548,Male,54,NED,258.7166667
20733,21082,Male,48,NY,328.5
10209,10429,Male,40,TX,255.6166667
21036,21388,Female,42,GBR,329.6833333
3336,3450,Male,29,NED,218.0166667
19250,19585,Male,32,NY,309.7166667
16026,16315,Male,42,NY,284.2333333
5487,5637,Male,50,GBR,231.4166667
22128,22486,Male,51,FL,352.3666667
17086,17397,Male,35,NY,291.2666667
18761,19092,Female,34,NY,303.45
18540,18870,Male,46,NED,303.2666667
18078,18407,Female,30,NY,293.5333333
9321,9527,Female,26,NY,252.0666667
10192,10412,Male,45,AUT,254.4333333
6216,6380,Female,27,NY,235.9
3252,3365,Male,28,RSA,215.6666667
19255,19590,Male,40,FRA,305.05
385,399,Male,36,WA,174.7666667
17295,17611,Male,55,CA,294.1
12458,12709,Male,37,ITA,267.05
22722,23090,Male,63,ITA,385.1666667
19677,20014,Male,35,NY,313.15
12112,12356,Male,37,ITA,264.8833333
19735,20073,Male,32,NY,312
420,437,Male,30,GBR,175.7666667
3064,3173,Male,42,NY,215.1
19517,19854,Female,36,NY,312.55
6645,6817,Male,42,MEX,238.25
19857,20195,Female,31,NC,315.9666667
1190,1236,Male,36,MA,193.6833333
3257,3370,Female,23,NY,217.4833333
14766,15038,Male,50,CA,279.3166667
8804,9006,Male,21,NJ,248.55
3776,3897,Female,22,TN,218.7166667
3857,3981,Female,28,IL,221.85
14618,14886,Female,45,BER,277.6333333
7850,8038,Male,48,NED,243.4333333
21836,22191,Male,62,CA,347.3166667
10348,10571,Male,41,NJ,258.0166667
14648,14918,Male,34,WI,279.05
14684,14955,Male,41,VA,276.9
750,779,Male,26,AUS,184.2
4330,4459,Male,28,GBR,224.5833333
6491,6661,Male,50,NED,236.0166667
2238,2319,Male,61,VEN,207.1666667
13742,14003,Male,43,ITA,275.2666667
18037,18364,Female,35,MA,297.2
9587,9800,Female,26,HI,254.45
8250,8447,Female,31,NC,244.6
11910,12152,Male,33,NY,265.3166667
4472,4604,Male,45,ITA,225.3333333
9713,9926,Male,32,GA,253.6333333
582,605,Male,57,PAR,180.75
9520,9733,Male,54,FRA,251.4333333
1188,1234,Male,51,NY,194.0666667
14501,14767,Male,52,FRA,273.8666667
7493,7678,Male,53,NJ,240.9
17047,17356,Male,36,GBR,290.1333333
22798,23168,Female,56,FRA,390
16339,16633,Female,30,NY,283.0833333
7424,7609,Male,36,NOR,239.2666667
3428,3544,Male,29,NED,218.2666667
18655,18986,Female,31,CA,304.4
1057,1098,Male,47,JPN,191.1333333
4976,5114,Male,42,FRA,226.7333333
3562,3680,Male,33,NY,219.7833333
5737,5890,Female,43,CA,233.9166667
19745,20083,Male,52,FRA,315.35
10335,10558,Male,55,NY,258.4
408,425,Female,26,NY,175.5333333
18650,18981,Female,22,MEX,304.8333333
1619,1678,Male,39,FRA,200.55
18505,18835,Male,30,TN,298.5833333
2825,2926,Male,32,NY,213.05
8829,9031,Male,34,NY,247.95
20872,21224,Male,43,NY,328.9333333
15821,16108,Female,44,GER,283.6333333
1355,1407,Male,44,NY,195.2833333
17804,18129,Male,34,NED,297.5666667
3889,4013,Female,32,NY,221.9166667
9328,9534,Male,41,GER,250.9166667
13393,13651,Male,67,NJ,270.8
6660,6832,Male,41,NY,236.9833333
21100,21452,Female,27,NY,329.3333333
10339,10562,Male,44,NY,256.5833333
10794,11022,Female,41,MA,257.55
23250,23622,Male,33,NY,475.3666667
10982,11211,Male,55,NY,258.6666667
14334,14600,Female,50,GBR,272.6666667
18367,18696,Female,44,FRA,299.8
8816,9018,Male,31,FRA,247.7666667
8688,8890,Female,23,CT,249.4833333
22585,22953,Male,49,NM,374.25
11826,12066,Male,50,GER,264.5833333
16756,17060,Female,42,NY,285
5022,5160,Male,21,NOR,228.4666667
5999,6158,Male,33,ESP,232.9
4690,4823,Male,64,JPN,227.4166667
3871,3995,Female,30,NY,221.5166667
13306,13562,Male,30,GBR,269.9166667
20875,21227,Male,29,GBR,328.2333333
21566,21921,Female,35,NY,344.1
7216,7399,Female,23,MA,240.9333333
3651,3769,Male,41,FRA,219.9
962,997,Male,37,FRA,189.6833333
15375,15654,Female,42,GBR,281.7833333
927,961,Male,49,GBR,189.1
16361,16655,Male,65,CA,287.1
4089,4216,Male,24,NY,221.35
22016,22372,Male,43,NY,351.3166667
11395,11629,Male,31,NY,259.4333333
17590,17911,Male,52,DC,297.8666667
5937,6096,Female,42,NJ,235.0333333
836,867,Male,53,AUT,186.7833333
21383,21737,Male,40,NY,336.75
1992,2063,Male,34,CT,205.35
2194,2273,Male,34,CA,206.3333333
18434,18763,Male,50,PER,301
18464,18793,Female,33,NY,298.2333333
18087,18416,Female,32,NY,296.6333333
20980,21332,Male,41,PER,333.5833333
14217,14483,Female,62,NY,277.6833333
14681,14952,Female,24,TX,278.15
13679,13939,Female,60,NY,274.65
13618,13878,Female,47,GER,270.7
8716,8918,Male,51,MN,248.55
4951,5088,Male,41,CT,228.1333333
4853,4989,Female,22,NY,227.4
15103,15377,Female,33,IL,276.5666667
4287,4416,Male,48,NJ,222.9833333
13141,13395,Male,54,NY,269.6333333
9369,9577,Female,34,NY,250.3
7856,8044,Male,52,MD,242.5166667
2264,2348,Male,41,FRA,207.65
456,475,Male,35,AUT,177.0833333
18494,18824,Female,34,NH,300.2666667
20591,20940,Female,41,TX,326.75
11493,11729,Male,32,CA,257.8833333
8348,8546,Female,32,NY,245.1833333
17924,18250,Male,60,GER,298.7666667
11500,11736,Female,27,NY,261.7666667
2877,2979,Female,32,NJ,213.7666667
1405,1457,Male,40,NY,197.8833333
21916,22271,Female,55,CT,349.85
9570,9783,Male,42,OR,253.9833333
14234,14500,Male,48,SUI,272.5
100,104,Male,27,NJ,156
7027,7207,Male,25,NY,239.8
4654,4787,Female,30,CAN,225.3
17430,17751,Male,36,TX,292.4833333
22163,22521,Female,42,CA,353.5666667
11981,12225,Male,30,GBR,264.1166667
15236,15514,Male,40,NY,281.4
20863,21215,Male,53,MA,331.7
6238,6402,Male,35,ITA,235.8
22642,23010,Male,69,MI,376.65
15733,16017,Male,24,NY,284.3166667
22691,23059,Male,51,CT,380.6833333
20188,20532,Male,29,NY,316.8166667
13477,13736,Female,33,CT,273
9151,9353,Male,30,NY,251.5833333
2200,2279,Male,21,NJ,206.1333333
17945,18272,Male,43,FL,298.4
13982,14246,Male,31,NY,275.55
13403,13661,Male,39,FRA,270.2833333
1595,1654,Male,35,ESP,200.55
15869,16157,Male,31,ITA,285.25
20530,20877,Male,29,SUI,324.6666667
13981,14245,Male,40,MA,273.7
13190,13446,Female,37,IN,267.6333333
1038,1079,Male,40,NED,191.3166667
13752,14013,Male,49,ITA,273.0333333
23273,23645,Female,46,NY,501.55
15901,16189,Female,51,TN,285.35
14889,15162,Female,50,GER,278.1166667
11547,11784,Female,40,NY,263.3833333
4079,4206,Male,27,CAN,223.3333333
15972,16261,Male,61,FRA,285.8833333
1090,1131,Male,37,GBR,191.9166667
16419,16713,Female,53,IRL,289.0166667
13977,14241,Female,21,NY,276.05
8527,8726,Male,55,GER,240.9666667
